{
    "info": {
        "name": "Audiocular",
        "description": "",
        "schema": "https://schema.getpostman.com/json/collection/v2.1.0/collection.json"
    },
    "item": [
        {
            "name": "NotLogin Api",
            "description": "",
            "item": [
                {
                    "name": "Register",
                    "description": "User register email account",
                    "event": [],
                    "auth": {},
                    "request": {
                        "auth": {},
                        "method": "POST",
                        "body": {
                            "mode": "urlencoded",
                            "urlencoded": [
                                {
                                    "key": "Username",
                                    "value": "xxxxx@gmail.com",
                                    "description": "Email Address",
                                    "type": "text",
                                    "disabled": false
                                },
                                {
                                    "key": "Password",
                                    "value": "123456",
                                    "description": "Password",
                                    "type": "text",
                                    "disabled": false
                                },
                                {
                                    "key": "ValidCode",
                                    "value": "123456",
                                    "description": "Vcode",
                                    "type": "text",
                                    "disabled": false
                                },
                                {
                                    "key": "LoginType",
                                    "value": "EM",
                                    "description": "Login Type (Invalid) By  APP 1.0 Version",
                                    "type": "text",
                                    "disabled": false
                                },
                                {
                                    "key": "Password2",
                                    "description": "Password (APP1.0 )",
                                    "type": "text",
                                    "disabled": false
                                }
                            ]
                        },
                        "header": [],
                        "url": {
                            "raw": "{{baseUrl}}/api/user/sign-up",
                            "path": [
                                "api",
                                "user",
                                "sign-up"
                            ],
                            "host": [
                                "{{baseUrl}}"
                            ],
                            "query": [],
                            "variable": []
                        }
                    },
                    "response": [],
                    "protocolProfileBehavior": {
                        "strictSSL": false,
                        "followRedirects": true
                    }
                },
                {
                    "name": "Send VCode",
                    "description": "",
                    "event": [],
                    "auth": {},
                    "request": {
                        "auth": {},
                        "method": "POST",
                        "body": {
                            "mode": "urlencoded",
                            "urlencoded": [
                                {
                                    "key": "Email",
                                    "description": "Email",
                                    "type": "text",
                                    "disabled": false
                                },
                                {
                                    "key": "Type",
                                    "value": "1",
                                    "description": "VCode Type，1: Register，2: Reset Password，3: Login，4: Change Email",
                                    "type": "text",
                                    "disabled": false
                                },
                                {
                                    "key": "Lang",
                                    "value": "en",
                                    "description": "Language (Optional,  APP 1.0 )  Currently Default en",
                                    "type": "text",
                                    "disabled": false
                                }
                            ]
                        },
                        "header": [
                            {
                                "key": "Authorization",
                                "value": "",
                                "description": "用户登录token（发送修改手机号/邮箱号验证码时才需要）",
                                "type": "string"
                            }
                        ],
                        "url": {
                            "raw": "{{baseUrl}}/api/email/create",
                            "path": [
                                "api",
                                "email",
                                "create"
                            ],
                            "host": [
                                "{{baseUrl}}"
                            ],
                            "query": [
                                {
                                    "key": "encode",
                                    "value": "",
                                    "description": "加密标志",
                                    "type": "string"
                                }
                            ],
                            "variable": []
                        }
                    },
                    "response": [],
                    "protocolProfileBehavior": {
                        "strictSSL": false,
                        "followRedirects": true
                    }
                },
                {
                    "name": "Login by username and password",
                    "description": "",
                    "event": [],
                    "auth": {},
                    "request": {
                        "auth": {},
                        "method": "POST",
                        "body": {
                            "mode": "urlencoded",
                            "urlencoded": [
                                {
                                    "key": "Username",
                                    "value": "xxxxx@gmail.com",
                                    "description": "Email",
                                    "type": "text",
                                    "disabled": false
                                },
                                {
                                    "key": "Password",
                                    "value": "123456",
                                    "description": "Password",
                                    "type": "text",
                                    "disabled": false
                                },
                                {
                                    "key": "LoginType",
                                    "value": "MB",
                                    "description": "Login Type( Fixed \"EM\" )",
                                    "type": "text",
                                    "disabled": false
                                }
                            ]
                        },
                        "header": [],
                        "url": {
                            "raw": "{{baseUrl}}/api/user/sign-in",
                            "path": [
                                "api",
                                "user",
                                "sign-in"
                            ],
                            "host": [
                                "{{baseUrl}}"
                            ],
                            "query": [],
                            "variable": []
                        }
                    },
                    "response": [],
                    "protocolProfileBehavior": {
                        "strictSSL": false,
                        "followRedirects": true
                    }
                },
                {
                    "name": "Login by vcode",
                    "description": "",
                    "event": [],
                    "auth": {},
                    "request": {
                        "auth": {},
                        "method": "POST",
                        "body": {
                            "mode": "raw",
                            "options": {
                                "raw": {
                                    "language": "json"
                                }
                            }
                        },
                        "header": [],
                        "url": {
                            "raw": "{{baseUrl}}/api/v2/user/loginByVCode",
                            "path": [
                                "api",
                                "v2",
                                "user",
                                "loginByVCode"
                            ],
                            "host": [
                                "{{baseUrl}}"
                            ],
                            "query": [],
                            "variable": []
                        }
                    },
                    "response": [],
                    "protocolProfileBehavior": {
                        "strictSSL": false,
                        "followRedirects": true
                    }
                },
                {
                    "name": "Reset password",
                    "description": "",
                    "event": [],
                    "auth": {},
                    "request": {
                        "auth": {},
                        "method": "POST",
                        "body": {
                            "mode": "urlencoded",
                            "urlencoded": [
                                {
                                    "key": "Email",
                                    "description": "Email",
                                    "type": "text",
                                    "disabled": false
                                },
                                {
                                    "key": "ValidCode",
                                    "description": "VCode",
                                    "type": "text",
                                    "disabled": false
                                },
                                {
                                    "key": "Password",
                                    "description": "new Password",
                                    "type": "text",
                                    "disabled": false
                                }
                            ]
                        },
                        "header": [],
                        "url": {
                            "raw": "{{baseUrl}}/api/user/reset-passwd",
                            "path": [
                                "api",
                                "user",
                                "reset-passwd"
                            ],
                            "host": [
                                "{{baseUrl}}"
                            ],
                            "query": [],
                            "variable": []
                        }
                    },
                    "response": [],
                    "protocolProfileBehavior": {
                        "strictSSL": false,
                        "followRedirects": true
                    }
                },
                {
                    "name": "Logout",
                    "description": "",
                    "event": [],
                    "auth": {},
                    "request": {
                        "auth": {},
                        "method": "POST",
                        "body": {
                            "mode": "raw",
                            "options": {
                                "raw": {
                                    "language": "json"
                                }
                            }
                        },
                        "header": [
                            {
                                "key": "Authorization",
                                "value": "12342134123412342134",
                                "description": "APP用户token",
                                "type": "string"
                            }
                        ],
                        "url": {
                            "raw": "{{baseUrl}}/api/user/sign-out",
                            "path": [
                                "api",
                                "user",
                                "sign-out"
                            ],
                            "host": [
                                "{{baseUrl}}"
                            ],
                            "query": [],
                            "variable": []
                        }
                    },
                    "response": [],
                    "protocolProfileBehavior": {
                        "strictSSL": false,
                        "followRedirects": true
                    }
                },
                {
                    "name": "Close account",
                    "description": "",
                    "event": [],
                    "auth": {},
                    "request": {
                        "auth": {},
                        "method": "POST",
                        "body": {
                            "mode": "urlencoded",
                            "urlencoded": []
                        },
                        "header": [
                            {
                                "key": "Authorization",
                                "value": "2412342134",
                                "description": "token",
                                "type": "string"
                            }
                        ],
                        "url": {
                            "raw": "{{baseUrl}}/api/user/delete-account",
                            "path": [
                                "api",
                                "user",
                                "delete-account"
                            ],
                            "host": [
                                "{{baseUrl}}"
                            ],
                            "query": [],
                            "variable": []
                        }
                    },
                    "response": [],
                    "protocolProfileBehavior": {
                        "strictSSL": false,
                        "followRedirects": true
                    }
                },
                {
                    "name": "Check token is valid",
                    "description": "",
                    "event": [],
                    "auth": {},
                    "request": {
                        "auth": {},
                        "method": "GET",
                        "body": {},
                        "header": [
                            {
                                "key": "Authorization",
                                "value": "",
                                "description": "token",
                                "type": "string"
                            }
                        ],
                        "url": {
                            "raw": "{{baseUrl}}/api/user/is-sign-in",
                            "path": [
                                "api",
                                "user",
                                "is-sign-in"
                            ],
                            "host": [
                                "{{baseUrl}}"
                            ],
                            "query": [],
                            "variable": []
                        }
                    },
                    "response": [],
                    "protocolProfileBehavior": {
                        "strictSSL": false,
                        "followRedirects": true
                    }
                }
            ],
            "event": [
                {
                    "listen": "prerequest",
                    "script": {
                        "exec": [],
                        "type": "text/javascript",
                        "packages": {}
                    }
                },
                {
                    "listen": "test",
                    "script": {
                        "exec": [],
                        "type": "text/javascript",
                        "packages": {}
                    }
                }
            ],
            "auth": {}
        },
        {
            "name": "product info",
            "description": "",
            "item": [
                {
                    "name": "Query product info",
                    "description": "",
                    "event": [],
                    "auth": {},
                    "request": {
                        "auth": {},
                        "method": "POST",
                        "body": {
                            "mode": "raw",
                            "raw": "{\r\n    \"pid\": \"0x12C3\",\r\n    \"vid\": \"0x3302\"\r\n}",
                            "options": {
                                "raw": {
                                    "language": "json"
                                }
                            }
                        },
                        "header": [],
                        "url": {
                            "raw": "{{baseUrl}}/api/product/detail",
                            "path": [
                                "api",
                                "product",
                                "detail"
                            ],
                            "host": [
                                "{{baseUrl}}"
                            ],
                            "query": [],
                            "variable": []
                        }
                    },
                    "response": [],
                    "protocolProfileBehavior": {
                        "strictSSL": false,
                        "followRedirects": true
                    }
                }
            ],
            "event": [
                {
                    "listen": "prerequest",
                    "script": {
                        "exec": [],
                        "type": "text/javascript",
                        "packages": {}
                    }
                },
                {
                    "listen": "test",
                    "script": {
                        "exec": [],
                        "type": "text/javascript",
                        "packages": {}
                    }
                }
            ],
            "auth": {}
        },
        {
            "name": "user info",
            "description": "",
            "item": [
                {
                    "name": "Upload user avatar",
                    "description": "",
                    "event": [],
                    "auth": {},
                    "request": {
                        "auth": {},
                        "method": "POST",
                        "body": {
                            "mode": "formdata",
                            "formdata": [
                                {
                                    "key": "file",
                                    "description": "头像文件",
                                    "type": "file",
                                    "disabled": false
                                }
                            ]
                        },
                        "header": [
                            {
                                "key": "Authorization",
                                "value": "",
                                "description": "User Token",
                                "type": "string"
                            }
                        ],
                        "url": {
                            "raw": "{{baseUrl}}/api/v2/user/uploadAppUserAvatar",
                            "path": [
                                "api",
                                "v2",
                                "user",
                                "uploadAppUserAvatar"
                            ],
                            "host": [
                                "{{baseUrl}}"
                            ],
                            "query": [],
                            "variable": []
                        }
                    },
                    "response": [],
                    "protocolProfileBehavior": {
                        "strictSSL": false,
                        "followRedirects": true
                    }
                },
                {
                    "name": "Save user info",
                    "description": "",
                    "event": [],
                    "auth": {},
                    "request": {
                        "auth": {},
                        "method": "POST",
                        "body": {
                            "mode": "raw",
                            "options": {
                                "raw": {
                                    "language": "json"
                                }
                            }
                        },
                        "header": [
                            {
                                "key": "Authorization",
                                "value": "",
                                "description": "User token",
                                "type": "string"
                            }
                        ],
                        "url": {
                            "raw": "{{baseUrl}}/api/v2/user/saveUserDetail",
                            "path": [
                                "api",
                                "v2",
                                "user",
                                "saveUserDetail"
                            ],
                            "host": [
                                "{{baseUrl}}"
                            ],
                            "query": [],
                            "variable": []
                        }
                    },
                    "response": [],
                    "protocolProfileBehavior": {
                        "strictSSL": false,
                        "followRedirects": true
                    }
                },
                {
                    "name": "Query user detail info",
                    "description": "",
                    "event": [],
                    "auth": {},
                    "request": {
                        "auth": {},
                        "method": "GET",
                        "body": {},
                        "header": [
                            {
                                "key": "Authorization",
                                "value": "1234123412341243",
                                "description": "APP用户登录token",
                                "type": "string"
                            }
                        ],
                        "url": {
                            "raw": "{{baseUrl}}/api/v2/user/getUserDetail",
                            "path": [
                                "api",
                                "v2",
                                "user",
                                "getUserDetail"
                            ],
                            "host": [
                                "{{baseUrl}}"
                            ],
                            "query": [],
                            "variable": []
                        }
                    },
                    "response": [],
                    "protocolProfileBehavior": {
                        "strictSSL": false,
                        "followRedirects": true
                    }
                }
            ],
            "event": [
                {
                    "listen": "prerequest",
                    "script": {
                        "exec": [],
                        "type": "text/javascript",
                        "packages": {}
                    }
                },
                {
                    "listen": "test",
                    "script": {
                        "exec": [],
                        "type": "text/javascript",
                        "packages": {}
                    }
                }
            ],
            "auth": {}
        },
        {
            "name": "EQ",
            "description": "",
            "item": [
                {
                    "name": "Pre-Set EQ and Custom EQ",
                    "description": "",
                    "item": [
                        {
                            "name": "Create EQ",
                            "description": "",
                            "event": [],
                            "auth": {},
                            "request": {
                                "auth": {},
                                "method": "POST",
                                "body": {
                                    "mode": "raw",
                                    "raw": "{\r\n\t\"type\": \"1\",\r\n\t\"pid\": \"0x12C1\",\r\n\t\"vid\": \"0x3302\",\r\n\t\"eqNameCn\": \"测试\",\r\n\t\"eqNameEn\": \"TEST\",\r\n\t\"gain\": 0,\r\n\t\"freqs\": [\r\n\t\t50,\r\n\t\t200,\r\n\t\t500,\r\n\t\t1000,\r\n\t\t2500,\r\n\t\t5000,\r\n\t\t10000,\r\n\t\t15000\r\n\t],\r\n\t\"qs\": [\r\n\t\t0.75,\r\n\t\t0.75,\r\n\t\t0.75,\r\n\t\t1,\r\n\t\t0.75,\r\n\t\t-2,\r\n\t\t0.7,\r\n\t\t0\r\n\t],\r\n\t\"gains\": [\r\n\t\t0.4,\r\n\t\t1,\r\n\t\t0.46,\r\n\t\t-3,\r\n\t\t0,\r\n\t\t0,\r\n\t\t0,\r\n\t\t0\r\n\t],\r\n\t\"filterTypes\": [\r\n\t\t2,\r\n\t\t2,\r\n\t\t2,\r\n\t\t2,\r\n\t\t2,\r\n\t\t2,\r\n\t\t2,\r\n\t\t2\r\n\t]\r\n}",
                                    "options": {
                                        "raw": {
                                            "language": "json"
                                        }
                                    }
                                },
                                "header": [
                                    {
                                        "key": "Authorization",
                                        "value": "",
                                        "description": "token",
                                        "type": "string"
                                    }
                                ],
                                "url": {
                                    "raw": "{{baseUrl}}/api/v2/eq/createEqInfo",
                                    "path": [
                                        "api",
                                        "v2",
                                        "eq",
                                        "createEqInfo"
                                    ],
                                    "host": [
                                        "{{baseUrl}}"
                                    ],
                                    "query": [],
                                    "variable": []
                                }
                            },
                            "response": [],
                            "protocolProfileBehavior": {
                                "strictSSL": false,
                                "followRedirects": true
                            }
                        },
                        {
                            "name": "Update EQ",
                            "description": "",
                            "event": [],
                            "auth": {},
                            "request": {
                                "auth": {},
                                "method": "POST",
                                "body": {
                                    "mode": "raw",
                                    "raw": "{\r\n\t\"type\": \"1\",\r\n\t\"pid\": \"0x12C1\",\r\n\t\"vid\": \"0x3302\",\r\n\t\"eqNameCn\": \"测试\",\r\n\t\"eqNameEn\": \"TEST\",\r\n\t\"offset\": 0,\r\n\t\"freqs\": [\r\n\t\t50,\r\n\t\t200,\r\n\t\t500,\r\n\t\t1000,\r\n\t\t2500,\r\n\t\t5000,\r\n\t\t10000,\r\n\t\t15000\r\n\t],\r\n\t\"qs\": [\r\n\t\t0.75,\r\n\t\t0.75,\r\n\t\t0.75,\r\n\t\t1,\r\n\t\t0.75,\r\n\t\t-2,\r\n\t\t0.7,\r\n\t\t0\r\n\t],\r\n\t\"gains\": [\r\n\t\t0.4,\r\n\t\t1,\r\n\t\t0.46,\r\n\t\t-3,\r\n\t\t0,\r\n\t\t0,\r\n\t\t0,\r\n\t\t0\r\n\t],\r\n\t\"filterTypes\": [\r\n\t\t2,\r\n\t\t2,\r\n\t\t2,\r\n\t\t2,\r\n\t\t2,\r\n\t\t2,\r\n\t\t2,\r\n\t\t2\r\n\t]\r\n}",
                                    "options": {
                                        "raw": {
                                            "language": "json"
                                        }
                                    }
                                },
                                "header": [
                                    {
                                        "key": "Authorization",
                                        "value": "",
                                        "description": "token",
                                        "type": "string"
                                    }
                                ],
                                "url": {
                                    "raw": "{{baseUrl}}/api/v2/eq/updateEqInfo",
                                    "path": [
                                        "api",
                                        "v2",
                                        "eq",
                                        "updateEqInfo"
                                    ],
                                    "host": [
                                        "{{baseUrl}}"
                                    ],
                                    "query": [],
                                    "variable": []
                                }
                            },
                            "response": [],
                            "protocolProfileBehavior": {
                                "strictSSL": false,
                                "followRedirects": true
                            }
                        },
                        {
                            "name": "Query EQ List",
                            "description": "",
                            "event": [],
                            "auth": {},
                            "request": {
                                "auth": {},
                                "method": "POST",
                                "body": {
                                    "mode": "raw",
                                    "raw": "{\r\n    \"type\":\"1\",\r\n\t\"pid\": \"0x12C1\",\r\n\t\"vid\": \"0x3302\"\r\n}",
                                    "options": {
                                        "raw": {
                                            "language": "json"
                                        }
                                    }
                                },
                                "header": [
                                    {
                                        "key": "Authorization",
                                        "value": "",
                                        "description": "token",
                                        "type": "string"
                                    }
                                ],
                                "url": {
                                    "raw": "{{baseUrl}}/api/v2/eq/queryEqInfoList",
                                    "path": [
                                        "api",
                                        "v2",
                                        "eq",
                                        "queryEqInfoList"
                                    ],
                                    "host": [
                                        "{{baseUrl}}"
                                    ],
                                    "query": [],
                                    "variable": []
                                }
                            },
                            "response": [],
                            "protocolProfileBehavior": {
                                "strictSSL": false,
                                "followRedirects": true
                            }
                        },
                        {
                            "name": "Delete EQ",
                            "description": "",
                            "event": [],
                            "auth": {},
                            "request": {
                                "auth": {},
                                "method": "POST",
                                "body": {
                                    "mode": "raw",
                                    "raw": "{\r\n    \"type\": \"1\",\r\n    \"id\": 123\r\n}",
                                    "options": {
                                        "raw": {
                                            "language": "json"
                                        }
                                    }
                                },
                                "header": [
                                    {
                                        "key": "Authorization",
                                        "value": "",
                                        "description": "token",
                                        "type": "string"
                                    }
                                ],
                                "url": {
                                    "raw": "{{baseUrl}}/api/v2/eq/deleteEqInfo",
                                    "path": [
                                        "api",
                                        "v2",
                                        "eq",
                                        "deleteEqInfo"
                                    ],
                                    "host": [
                                        "{{baseUrl}}"
                                    ],
                                    "query": [],
                                    "variable": []
                                }
                            },
                            "response": [],
                            "protocolProfileBehavior": {
                                "strictSSL": false,
                                "followRedirects": true
                            }
                        }
                    ],
                    "event": [
                        {
                            "listen": "prerequest",
                            "script": {
                                "exec": [],
                                "type": "text/javascript",
                                "packages": {}
                            }
                        },
                        {
                            "listen": "test",
                            "script": {
                                "exec": [],
                                "type": "text/javascript",
                                "packages": {}
                            }
                        }
                    ],
                    "auth": {}
                },
                {
                    "name": "Custom EQ",
                    "description": "",
                    "item": [
                        {
                            "name": "Create EQ",
                            "description": "",
                            "event": [],
                            "auth": {},
                            "request": {
                                "auth": {},
                                "method": "POST",
                                "body": {
                                    "mode": "raw",
                                    "raw": "{\r\n\t\"productId\": 134,\r\n\t\"eqName\": \"预设EQ1\",\r\n\t\"gain\": 0,\r\n\t\"del\": 0,\r\n\t\"freqs\": [\r\n\t\t50,\r\n\t\t200,\r\n\t\t500,\r\n\t\t1000,\r\n\t\t2500,\r\n\t\t5000,\r\n\t\t10000,\r\n\t\t15000\r\n\t],\r\n\t\"qs\": [\r\n\t\t1,\r\n\t\t1,\r\n\t\t1,\r\n\t\t1,\r\n\t\t1,\r\n\t\t1,\r\n\t\t1,\r\n\t\t1\r\n\t],\r\n\t\"gains\": [\r\n\t\t0,\r\n\t\t0,\r\n\t\t0,\r\n\t\t0,\r\n\t\t0,\r\n\t\t0,\r\n\t\t0,\r\n\t\t0\r\n\t],\r\n\t\"filterTypes\": [\r\n\t\t2,\r\n\t\t2,\r\n\t\t2,\r\n\t\t2,\r\n\t\t2,\r\n\t\t2,\r\n\t\t2,\r\n\t\t2\r\n\t]\r\n}",
                                    "options": {
                                        "raw": {
                                            "language": "json"
                                        }
                                    }
                                },
                                "header": [
                                    {
                                        "key": "Authorization",
                                        "value": "",
                                        "description": "token",
                                        "type": "string"
                                    }
                                ],
                                "url": {
                                    "raw": "{{baseUrl}}/api/v2/eq/saveUserCustomEQ",
                                    "path": [
                                        "api",
                                        "v2",
                                        "eq",
                                        "saveUserCustomEQ"
                                    ],
                                    "host": [
                                        "{{baseUrl}}"
                                    ],
                                    "query": [],
                                    "variable": []
                                }
                            },
                            "response": [],
                            "protocolProfileBehavior": {
                                "strictSSL": false,
                                "followRedirects": true
                            }
                        },
                        {
                            "name": "Update EQ",
                            "description": "",
                            "event": [],
                            "auth": {},
                            "request": {
                                "auth": {},
                                "method": "POST",
                                "body": {
                                    "mode": "raw",
                                    "raw": "{\r\n\t\"productId\": 134,\r\n\t\"eqName\": \"预设EQ1\",\r\n\t\"gain\": 0,\r\n\t\"del\": 0,\r\n\t\"freqs\": [\r\n\t\t50,\r\n\t\t200,\r\n\t\t500,\r\n\t\t1000,\r\n\t\t2500,\r\n\t\t5000,\r\n\t\t10000,\r\n\t\t15000\r\n\t],\r\n\t\"qs\": [\r\n\t\t1,\r\n\t\t1,\r\n\t\t1,\r\n\t\t1,\r\n\t\t1,\r\n\t\t1,\r\n\t\t1,\r\n\t\t1\r\n\t],\r\n\t\"gains\": [\r\n\t\t0,\r\n\t\t0,\r\n\t\t0,\r\n\t\t0,\r\n\t\t0,\r\n\t\t0,\r\n\t\t0,\r\n\t\t0\r\n\t],\r\n\t\"filterTypes\": [\r\n\t\t2,\r\n\t\t2,\r\n\t\t2,\r\n\t\t2,\r\n\t\t2,\r\n\t\t2,\r\n\t\t2,\r\n\t\t2\r\n\t]\r\n}",
                                    "options": {
                                        "raw": {
                                            "language": "json"
                                        }
                                    }
                                },
                                "header": [
                                    {
                                        "key": "Authorization",
                                        "value": "123412341234",
                                        "description": "token",
                                        "type": "string"
                                    }
                                ],
                                "url": {
                                    "raw": "{{baseUrl}}/api/v2/eq/updateUserCustomEQ",
                                    "path": [
                                        "api",
                                        "v2",
                                        "eq",
                                        "updateUserCustomEQ"
                                    ],
                                    "host": [
                                        "{{baseUrl}}"
                                    ],
                                    "query": [],
                                    "variable": []
                                }
                            },
                            "response": [],
                            "protocolProfileBehavior": {
                                "strictSSL": false,
                                "followRedirects": true
                            }
                        },
                        {
                            "name": "Delete EQ By Id",
                            "description": "",
                            "event": [],
                            "auth": {},
                            "request": {
                                "auth": {},
                                "method": "POST",
                                "body": {
                                    "mode": "raw",
                                    "options": {
                                        "raw": {
                                            "language": "json"
                                        }
                                    }
                                },
                                "header": [
                                    {
                                        "key": "Authorization",
                                        "value": "",
                                        "description": "token",
                                        "type": "string"
                                    }
                                ],
                                "url": {
                                    "raw": "{{baseUrl}}/api/v2/eq/deleteUserCustomEQById",
                                    "path": [
                                        "api",
                                        "v2",
                                        "eq",
                                        "deleteUserCustomEQById"
                                    ],
                                    "host": [
                                        "{{baseUrl}}"
                                    ],
                                    "query": [],
                                    "variable": []
                                }
                            },
                            "response": [],
                            "protocolProfileBehavior": {
                                "strictSSL": false,
                                "followRedirects": true
                            }
                        },
                        {
                            "name": "Query EQ List",
                            "description": "",
                            "event": [],
                            "auth": {},
                            "request": {
                                "auth": {},
                                "method": "POST",
                                "body": {
                                    "mode": "raw",
                                    "options": {
                                        "raw": {
                                            "language": "json"
                                        }
                                    }
                                },
                                "header": [
                                    {
                                        "key": "Authorization",
                                        "value": "",
                                        "description": "token",
                                        "type": "string"
                                    }
                                ],
                                "url": {
                                    "raw": "{{baseUrl}}/api/v2/eq/queryUserEQList",
                                    "path": [
                                        "api",
                                        "v2",
                                        "eq",
                                        "queryUserEQList"
                                    ],
                                    "host": [
                                        "{{baseUrl}}"
                                    ],
                                    "query": [],
                                    "variable": []
                                }
                            },
                            "response": [],
                            "protocolProfileBehavior": {
                                "strictSSL": false,
                                "followRedirects": true
                            }
                        }
                    ],
                    "event": [
                        {
                            "listen": "prerequest",
                            "script": {
                                "exec": [],
                                "type": "text/javascript",
                                "packages": {}
                            }
                        },
                        {
                            "listen": "test",
                            "script": {
                                "exec": [],
                                "type": "text/javascript",
                                "packages": {}
                            }
                        }
                    ],
                    "auth": {}
                },
                {
                    "name": "Share EQ",
                    "description": "",
                    "item": [
                        {
                            "name": "Upload EQ Graph Image",
                            "description": "",
                            "event": [],
                            "auth": {},
                            "request": {
                                "auth": {},
                                "method": "POST",
                                "body": {
                                    "mode": "formdata",
                                    "formdata": [
                                        {
                                            "key": "file",
                                            "description": "EQ Graph Image File",
                                            "type": "file",
                                            "disabled": false
                                        }
                                    ]
                                },
                                "header": [
                                    {
                                        "key": "Authorization",
                                        "value": "",
                                        "description": "token",
                                        "type": "string"
                                    }
                                ],
                                "url": {
                                    "raw": "{{baseUrl}}/api/v2/eq/upload/eqShareGraph",
                                    "path": [
                                        "api",
                                        "v2",
                                        "eq",
                                        "upload",
                                        "eqShareGraph"
                                    ],
                                    "host": [
                                        "{{baseUrl}}"
                                    ],
                                    "query": [],
                                    "variable": []
                                }
                            },
                            "response": [],
                            "protocolProfileBehavior": {
                                "strictSSL": false,
                                "followRedirects": true
                            }
                        },
                        {
                            "name": "Share EQ",
                            "description": "",
                            "event": [],
                            "auth": {},
                            "request": {
                                "auth": {},
                                "method": "POST",
                                "body": {
                                    "mode": "raw",
                                    "raw": "{\r\n\t\"productId\": 134,\r\n\t\"eqName\": \"预设EQ1\",\r\n\t\"gain\": 0,\r\n\t\"del\": 0,\r\n\t\"freqs\": [\r\n\t\t50,\r\n\t\t200,\r\n\t\t500,\r\n\t\t1000,\r\n\t\t2500,\r\n\t\t5000,\r\n\t\t10000,\r\n\t\t15000\r\n\t],\r\n\t\"qs\": [\r\n\t\t1,\r\n\t\t1,\r\n\t\t1,\r\n\t\t1,\r\n\t\t1,\r\n\t\t1,\r\n\t\t1,\r\n\t\t1\r\n\t],\r\n\t\"gains\": [\r\n\t\t0,\r\n\t\t0,\r\n\t\t0,\r\n\t\t0,\r\n\t\t0,\r\n\t\t0,\r\n\t\t0,\r\n\t\t0\r\n\t],\r\n\t\"filterTypes\": [\r\n\t\t2,\r\n\t\t2,\r\n\t\t2,\r\n\t\t2,\r\n\t\t2,\r\n\t\t2,\r\n\t\t2,\r\n\t\t2\r\n\t]\r\n}",
                                    "options": {
                                        "raw": {
                                            "language": "json"
                                        }
                                    }
                                },
                                "header": [
                                    {
                                        "key": "Authorization",
                                        "value": "",
                                        "description": "token",
                                        "type": "string"
                                    }
                                ],
                                "url": {
                                    "raw": "{{baseUrl}}/api/v2/eq/createEQShareInfo",
                                    "path": [
                                        "api",
                                        "v2",
                                        "eq",
                                        "createEQShareInfo"
                                    ],
                                    "host": [
                                        "{{baseUrl}}"
                                    ],
                                    "query": [],
                                    "variable": []
                                }
                            },
                            "response": [],
                            "protocolProfileBehavior": {
                                "strictSSL": false,
                                "followRedirects": true
                            }
                        },
                        {
                            "name": "Delete EQ",
                            "description": "",
                            "event": [],
                            "auth": {},
                            "request": {
                                "auth": {},
                                "method": "POST",
                                "body": {
                                    "mode": "raw",
                                    "options": {
                                        "raw": {
                                            "language": "json"
                                        }
                                    }
                                },
                                "header": [
                                    {
                                        "key": "Authorization",
                                        "value": "",
                                        "description": "token",
                                        "type": "string"
                                    }
                                ],
                                "url": {
                                    "raw": "{{baseUrl}}/api/v2/eq/deleteEQShareInfo",
                                    "path": [
                                        "api",
                                        "v2",
                                        "eq",
                                        "deleteEQShareInfo"
                                    ],
                                    "host": [
                                        "{{baseUrl}}"
                                    ],
                                    "query": [],
                                    "variable": []
                                }
                            },
                            "response": [],
                            "protocolProfileBehavior": {
                                "strictSSL": false,
                                "followRedirects": true
                            }
                        },
                        {
                            "name": "Query My Share EQ List",
                            "description": "",
                            "event": [],
                            "auth": {},
                            "request": {
                                "auth": {},
                                "method": "POST",
                                "body": {
                                    "mode": "raw",
                                    "options": {
                                        "raw": {
                                            "language": "json"
                                        }
                                    }
                                },
                                "header": [
                                    {
                                        "key": "Authorization",
                                        "value": "",
                                        "description": "token",
                                        "type": "string"
                                    }
                                ],
                                "url": {
                                    "raw": "{{baseUrl}}/api/v2/eq/queryUserEQShareInfoList",
                                    "path": [
                                        "api",
                                        "v2",
                                        "eq",
                                        "queryUserEQShareInfoList"
                                    ],
                                    "host": [
                                        "{{baseUrl}}"
                                    ],
                                    "query": [],
                                    "variable": []
                                }
                            },
                            "response": [],
                            "protocolProfileBehavior": {
                                "strictSSL": false,
                                "followRedirects": true
                            }
                        },
                        {
                            "name": "Query Share EQ List",
                            "description": "",
                            "event": [],
                            "auth": {},
                            "request": {
                                "auth": {},
                                "method": "POST",
                                "body": {
                                    "mode": "raw",
                                    "options": {
                                        "raw": {
                                            "language": "json"
                                        }
                                    }
                                },
                                "header": [
                                    {
                                        "key": "Authorization",
                                        "value": "",
                                        "description": "token",
                                        "type": "string"
                                    }
                                ],
                                "url": {
                                    "raw": "{{baseUrl}}/api/v2/eq/queryAllEQShareInfoList",
                                    "path": [
                                        "api",
                                        "v2",
                                        "eq",
                                        "queryAllEQShareInfoList"
                                    ],
                                    "host": [
                                        "{{baseUrl}}"
                                    ],
                                    "query": [],
                                    "variable": []
                                }
                            },
                            "response": [],
                            "protocolProfileBehavior": {
                                "strictSSL": false,
                                "followRedirects": true
                            }
                        },
                        {
                            "name": "Collect EQ",
                            "description": "",
                            "event": [],
                            "auth": {},
                            "request": {
                                "auth": {},
                                "method": "POST",
                                "body": {
                                    "mode": "raw",
                                    "options": {
                                        "raw": {
                                            "language": "json"
                                        }
                                    }
                                },
                                "header": [
                                    {
                                        "key": "Authorization",
                                        "value": "",
                                        "description": "token",
                                        "type": "string"
                                    }
                                ],
                                "url": {
                                    "raw": "{{baseUrl}}/api/v2/eq/eqCollect",
                                    "path": [
                                        "api",
                                        "v2",
                                        "eq",
                                        "eqCollect"
                                    ],
                                    "host": [
                                        "{{baseUrl}}"
                                    ],
                                    "query": [],
                                    "variable": []
                                }
                            },
                            "response": [],
                            "protocolProfileBehavior": {
                                "strictSSL": false,
                                "followRedirects": true
                            }
                        },
                        {
                            "name": "Delete Collect EQ",
                            "description": "",
                            "event": [],
                            "auth": {},
                            "request": {
                                "auth": {},
                                "method": "POST",
                                "body": {
                                    "mode": "raw",
                                    "options": {
                                        "raw": {
                                            "language": "json"
                                        }
                                    }
                                },
                                "header": [
                                    {
                                        "key": "Authorization",
                                        "value": "",
                                        "description": "token",
                                        "type": "string"
                                    }
                                ],
                                "url": {
                                    "raw": "{{baseUrl}}/api/v2/eq/eqCancelCollect",
                                    "path": [
                                        "api",
                                        "v2",
                                        "eq",
                                        "eqCancelCollect"
                                    ],
                                    "host": [
                                        "{{baseUrl}}"
                                    ],
                                    "query": [],
                                    "variable": []
                                }
                            },
                            "response": [],
                            "protocolProfileBehavior": {
                                "strictSSL": false,
                                "followRedirects": true
                            }
                        },
                        {
                            "name": "Like(Star) EQ",
                            "description": "",
                            "event": [],
                            "auth": {},
                            "request": {
                                "auth": {},
                                "method": "POST",
                                "body": {
                                    "mode": "raw",
                                    "options": {
                                        "raw": {
                                            "language": "json"
                                        }
                                    }
                                },
                                "header": [
                                    {
                                        "key": "Authorization",
                                        "value": "",
                                        "description": "token",
                                        "type": "string"
                                    }
                                ],
                                "url": {
                                    "raw": "{{baseUrl}}/api/v2/eq/eqLike",
                                    "path": [
                                        "api",
                                        "v2",
                                        "eq",
                                        "eqLike"
                                    ],
                                    "host": [
                                        "{{baseUrl}}"
                                    ],
                                    "query": [],
                                    "variable": []
                                }
                            },
                            "response": [],
                            "protocolProfileBehavior": {
                                "strictSSL": false,
                                "followRedirects": true
                            }
                        },
                        {
                            "name": "Cancel Like(Star) EQ",
                            "description": "",
                            "event": [],
                            "auth": {},
                            "request": {
                                "auth": {},
                                "method": "POST",
                                "body": {
                                    "mode": "raw",
                                    "options": {
                                        "raw": {
                                            "language": "json"
                                        }
                                    }
                                },
                                "header": [
                                    {
                                        "key": "Authorization",
                                        "value": "",
                                        "description": "token",
                                        "type": "string"
                                    }
                                ],
                                "url": {
                                    "raw": "{{baseUrl}}/api/v2/eq/eqCancelLike",
                                    "path": [
                                        "api",
                                        "v2",
                                        "eq",
                                        "eqCancelLike"
                                    ],
                                    "host": [
                                        "{{baseUrl}}"
                                    ],
                                    "query": [],
                                    "variable": []
                                }
                            },
                            "response": [],
                            "protocolProfileBehavior": {
                                "strictSSL": false,
                                "followRedirects": true
                            }
                        },
                        {
                            "name": "Query Like Msg Of My Share EQ",
                            "description": "",
                            "event": [],
                            "auth": {},
                            "request": {
                                "auth": {},
                                "method": "POST",
                                "body": {
                                    "mode": "raw",
                                    "options": {
                                        "raw": {
                                            "language": "json"
                                        }
                                    }
                                },
                                "header": [
                                    {
                                        "key": "Authorization",
                                        "value": "",
                                        "description": "",
                                        "type": "string"
                                    }
                                ],
                                "url": {
                                    "raw": "{{baseUrl}}/api/v2/eq/queryEqLikeMsgInfo",
                                    "path": [
                                        "api",
                                        "v2",
                                        "eq",
                                        "queryEqLikeMsgInfo"
                                    ],
                                    "host": [
                                        "{{baseUrl}}"
                                    ],
                                    "query": [],
                                    "variable": []
                                }
                            },
                            "response": [],
                            "protocolProfileBehavior": {
                                "strictSSL": false,
                                "followRedirects": true
                            }
                        },
                        {
                            "name": "Query My Share EQ ( Group By Product )",
                            "description": "",
                            "event": [],
                            "auth": {},
                            "request": {
                                "auth": {},
                                "method": "POST",
                                "body": {
                                    "mode": "raw",
                                    "options": {
                                        "raw": {
                                            "language": "json"
                                        }
                                    }
                                },
                                "header": [
                                    {
                                        "key": "Authorization",
                                        "value": "",
                                        "description": "token",
                                        "type": "string"
                                    }
                                ],
                                "url": {
                                    "raw": "{{baseUrl}}/api/v2/eq/queryUserEQShareInfoGroupList",
                                    "path": [
                                        "api",
                                        "v2",
                                        "eq",
                                        "queryUserEQShareInfoGroupList"
                                    ],
                                    "host": [
                                        "{{baseUrl}}"
                                    ],
                                    "query": [],
                                    "variable": []
                                }
                            },
                            "response": [],
                            "protocolProfileBehavior": {
                                "strictSSL": false,
                                "followRedirects": true
                            }
                        },
                        {
                            "name": "Query My Collect EQ ( Group By Product )",
                            "description": "",
                            "event": [],
                            "auth": {},
                            "request": {
                                "auth": {},
                                "method": "POST",
                                "body": {
                                    "mode": "raw",
                                    "options": {
                                        "raw": {
                                            "language": "json"
                                        }
                                    }
                                },
                                "header": [
                                    {
                                        "key": "Authorization",
                                        "value": "",
                                        "description": "token",
                                        "type": "string"
                                    }
                                ],
                                "url": {
                                    "raw": "{{baseUrl}}/api/v2/eq/queryUserEqCollectGroupList",
                                    "path": [
                                        "api",
                                        "v2",
                                        "eq",
                                        "queryUserEqCollectGroupList"
                                    ],
                                    "host": [
                                        "{{baseUrl}}"
                                    ],
                                    "query": [],
                                    "variable": []
                                }
                            },
                            "response": [],
                            "protocolProfileBehavior": {
                                "strictSSL": false,
                                "followRedirects": true
                            }
                        },
                        {
                            "name": "Submit User Click EQ ( Browse number )",
                            "description": "",
                            "event": [],
                            "auth": {},
                            "request": {
                                "auth": {},
                                "method": "POST",
                                "body": {
                                    "mode": "raw",
                                    "options": {
                                        "raw": {
                                            "language": "json"
                                        }
                                    }
                                },
                                "header": [
                                    {
                                        "key": "Authorization",
                                        "value": "",
                                        "description": "token",
                                        "type": "string"
                                    }
                                ],
                                "url": {
                                    "raw": "{{baseUrl}}/api/v2/eq/watching",
                                    "path": [
                                        "api",
                                        "v2",
                                        "eq",
                                        "watching"
                                    ],
                                    "host": [
                                        "{{baseUrl}}"
                                    ],
                                    "query": [],
                                    "variable": []
                                }
                            },
                            "response": [],
                            "protocolProfileBehavior": {
                                "strictSSL": false,
                                "followRedirects": true
                            }
                        },
                        {
                            "name": "Query Report Types（Group）",
                            "description": "",
                            "event": [],
                            "auth": {},
                            "request": {
                                "auth": {},
                                "method": "POST",
                                "body": {
                                    "mode": "raw",
                                    "options": {
                                        "raw": {
                                            "language": "json"
                                        }
                                    }
                                },
                                "header": [
                                    {
                                        "key": "Authorization",
                                        "value": "",
                                        "description": "",
                                        "type": "string"
                                    }
                                ],
                                "url": {
                                    "raw": "{{baseUrl}}/api/v2/eq/getReportType",
                                    "path": [
                                        "api",
                                        "v2",
                                        "eq",
                                        "getReportType"
                                    ],
                                    "host": [
                                        "{{baseUrl}}"
                                    ],
                                    "query": [],
                                    "variable": []
                                }
                            },
                            "response": [],
                            "protocolProfileBehavior": {
                                "strictSSL": false,
                                "followRedirects": true
                            }
                        },
                        {
                            "name": "Report Share EQ",
                            "description": "",
                            "event": [],
                            "auth": {},
                            "request": {
                                "auth": {},
                                "method": "POST",
                                "body": {
                                    "mode": "raw",
                                    "options": {
                                        "raw": {
                                            "language": "json"
                                        }
                                    }
                                },
                                "header": [
                                    {
                                        "key": "Authorization",
                                        "value": "",
                                        "description": "",
                                        "type": "string"
                                    }
                                ],
                                "url": {
                                    "raw": "{{baseUrl}}/api/v2/eq/addShareEqReport",
                                    "path": [
                                        "api",
                                        "v2",
                                        "eq",
                                        "addShareEqReport"
                                    ],
                                    "host": [
                                        "{{baseUrl}}"
                                    ],
                                    "query": [],
                                    "variable": []
                                }
                            },
                            "response": [],
                            "protocolProfileBehavior": {
                                "strictSSL": false,
                                "followRedirects": true
                            }
                        }
                    ],
                    "event": [
                        {
                            "listen": "prerequest",
                            "script": {
                                "exec": [],
                                "type": "text/javascript",
                                "packages": {}
                            }
                        },
                        {
                            "listen": "test",
                            "script": {
                                "exec": [],
                                "type": "text/javascript",
                                "packages": {}
                            }
                        }
                    ],
                    "auth": {}
                }
            ],
            "event": [
                {
                    "listen": "prerequest",
                    "script": {
                        "exec": [],
                        "type": "text/javascript",
                        "packages": {}
                    }
                },
                {
                    "listen": "test",
                    "script": {
                        "exec": [],
                        "type": "text/javascript",
                        "packages": {}
                    }
                }
            ],
            "auth": {}
        }
    ],
    "variable": [],
    "event": [],
    "auth": {}
}