{
    "info": {
        "name": "WalkPlay",
        "description": "",
        "schema": "https://schema.getpostman.com/json/collection/v2.1.0/collection.json"
    },
    "item": [
        {
            "name": "用户注册、登录、找回密码",
            "description": "",
            "item": [
                {
                    "name": "注册",
                    "description": "适配APP1.0版本传输方式",
                    "event": [],
                    "auth": {},
                    "request": {
                        "auth": {},
                        "method": "POST",
                        "body": {
                            "mode": "urlencoded",
                            "urlencoded": [
                                {
                                    "key": "Username",
                                    "value": "xxxxx@163.com",
                                    "description": "邮箱号/手机号（APP1.0版本只传邮箱号）",
                                    "type": "text",
                                    "disabled": false
                                },
                                {
                                    "key": "LoginType",
                                    "value": "EM",
                                    "description": "登录类型（目前没啥用）",
                                    "type": "text",
                                    "disabled": false
                                },
                                {
                                    "key": "Password",
                                    "value": "123456",
                                    "description": "登录密码",
                                    "type": "text",
                                    "disabled": false
                                },
                                {
                                    "key": "Password2",
                                    "description": "APP1.0版本会传，后端未使用",
                                    "type": "text",
                                    "disabled": false
                                },
                                {
                                    "key": "ValidCode",
                                    "value": "123456",
                                    "description": "邮箱/手机验证码",
                                    "type": "text",
                                    "disabled": false
                                }
                            ]
                        },
                        "header": [],
                        "url": {
                            "raw": "{{baseUrl}}/api/user/sign-up",
                            "path": [
                                "api",
                                "user",
                                "sign-up"
                            ],
                            "host": [
                                "{{baseUrl}}"
                            ],
                            "query": [],
                            "variable": []
                        }
                    },
                    "response": [],
                    "protocolProfileBehavior": {
                        "strictSSL": false,
                        "followRedirects": true
                    }
                },
                {
                    "name": "发送验证码",
                    "description": "",
                    "event": [],
                    "auth": {},
                    "request": {
                        "auth": {},
                        "method": "POST",
                        "body": {
                            "mode": "urlencoded",
                            "urlencoded": [
                                {
                                    "key": "Email",
                                    "description": "接收验证码的邮箱号/手机号（APP1.0只有邮箱号）",
                                    "type": "text",
                                    "disabled": false
                                },
                                {
                                    "key": "Lang",
                                    "value": "cn",
                                    "description": "APP当前使用的语言（cn：中文，en：英文）",
                                    "type": "text",
                                    "disabled": false
                                },
                                {
                                    "key": "Type",
                                    "value": "1",
                                    "description": "验证码类型，1：注册，2：找回密码，3：验证码登录，4：修改邮箱/手机号",
                                    "type": "text",
                                    "disabled": false
                                }
                            ]
                        },
                        "header": [
                            {
                                "key": "Authorization",
                                "value": "",
                                "description": "用户登录token（发送修改手机号/邮箱号验证码时才需要）",
                                "type": "string"
                            }
                        ],
                        "url": {
                            "raw": "{{baseUrl}}/api/email/create",
                            "path": [
                                "api",
                                "email",
                                "create"
                            ],
                            "host": [
                                "{{baseUrl}}"
                            ],
                            "query": [
                                {
                                    "key": "encode",
                                    "value": "",
                                    "description": "加密标志",
                                    "type": "string"
                                }
                            ],
                            "variable": []
                        }
                    },
                    "response": [],
                    "protocolProfileBehavior": {
                        "strictSSL": false,
                        "followRedirects": true
                    }
                },
                {
                    "name": "账号密码登录",
                    "description": "",
                    "event": [],
                    "auth": {},
                    "request": {
                        "auth": {},
                        "method": "POST",
                        "body": {
                            "mode": "urlencoded",
                            "urlencoded": [
                                {
                                    "key": "Username",
                                    "value": "xxxxx@163.com",
                                    "description": "邮箱号/手机号",
                                    "type": "text",
                                    "disabled": false
                                },
                                {
                                    "key": "Password",
                                    "value": "123456",
                                    "description": "密码",
                                    "type": "text",
                                    "disabled": false
                                },
                                {
                                    "key": "LoginType",
                                    "value": "MB",
                                    "description": "登录类型（EM：邮箱，MB：手机号，WX：微信）",
                                    "type": "text",
                                    "disabled": false
                                }
                            ]
                        },
                        "header": [],
                        "url": {
                            "raw": "{{baseUrl}}/api/user/sign-in",
                            "path": [
                                "api",
                                "user",
                                "sign-in"
                            ],
                            "host": [
                                "{{baseUrl}}"
                            ],
                            "query": [],
                            "variable": []
                        }
                    },
                    "response": [],
                    "protocolProfileBehavior": {
                        "strictSSL": false,
                        "followRedirects": true
                    }
                },
                {
                    "name": "验证码登录",
                    "description": "",
                    "event": [],
                    "auth": {},
                    "request": {
                        "auth": {},
                        "method": "POST",
                        "body": {
                            "mode": "raw",
                            "options": {
                                "raw": {
                                    "language": "json"
                                }
                            }
                        },
                        "header": [],
                        "url": {
                            "raw": "{{baseUrl}}/api/v2/user/loginByVCode",
                            "path": [
                                "api",
                                "v2",
                                "user",
                                "loginByVCode"
                            ],
                            "host": [
                                "{{baseUrl}}"
                            ],
                            "query": [],
                            "variable": []
                        }
                    },
                    "response": [],
                    "protocolProfileBehavior": {
                        "strictSSL": false,
                        "followRedirects": true
                    }
                },
                {
                    "name": "找回密码（重置密码）",
                    "description": "",
                    "event": [],
                    "auth": {},
                    "request": {
                        "auth": {},
                        "method": "POST",
                        "body": {
                            "mode": "urlencoded",
                            "urlencoded": [
                                {
                                    "key": "Email",
                                    "description": "账号：邮箱/手机号",
                                    "type": "text",
                                    "disabled": false
                                },
                                {
                                    "key": "ValidCode",
                                    "description": "验证码",
                                    "type": "text",
                                    "disabled": false
                                },
                                {
                                    "key": "Password",
                                    "description": "新密码",
                                    "type": "text",
                                    "disabled": false
                                }
                            ]
                        },
                        "header": [],
                        "url": {
                            "raw": "{{baseUrl}}/api/user/reset-passwd",
                            "path": [
                                "api",
                                "user",
                                "reset-passwd"
                            ],
                            "host": [
                                "{{baseUrl}}"
                            ],
                            "query": [],
                            "variable": []
                        }
                    },
                    "response": [],
                    "protocolProfileBehavior": {
                        "strictSSL": false,
                        "followRedirects": true
                    }
                },
                {
                    "name": "退出登录",
                    "description": "",
                    "event": [],
                    "auth": {},
                    "request": {
                        "auth": {},
                        "method": "POST",
                        "body": {
                            "mode": "raw",
                            "options": {
                                "raw": {
                                    "language": "json"
                                }
                            }
                        },
                        "header": [
                            {
                                "key": "Authorization",
                                "value": "12342134123412342134",
                                "description": "APP用户token",
                                "type": "string"
                            }
                        ],
                        "url": {
                            "raw": "{{baseUrl}}/api/user/sign-out",
                            "path": [
                                "api",
                                "user",
                                "sign-out"
                            ],
                            "host": [
                                "{{baseUrl}}"
                            ],
                            "query": [],
                            "variable": []
                        }
                    },
                    "response": [],
                    "protocolProfileBehavior": {
                        "strictSSL": false,
                        "followRedirects": true
                    }
                },
                {
                    "name": "用户账号注销",
                    "description": "",
                    "event": [],
                    "auth": {},
                    "request": {
                        "auth": {},
                        "method": "POST",
                        "body": {
                            "mode": "urlencoded",
                            "urlencoded": []
                        },
                        "header": [
                            {
                                "key": "Authorization",
                                "value": "2412342134",
                                "description": "token",
                                "type": "string"
                            }
                        ],
                        "url": {
                            "raw": "{{baseUrl}}/api/user/delete-account",
                            "path": [
                                "api",
                                "user",
                                "delete-account"
                            ],
                            "host": [
                                "{{baseUrl}}"
                            ],
                            "query": [],
                            "variable": []
                        }
                    },
                    "response": [],
                    "protocolProfileBehavior": {
                        "strictSSL": false,
                        "followRedirects": true
                    }
                },
                {
                    "name": "检查当前token是否失效",
                    "description": "",
                    "event": [],
                    "auth": {},
                    "request": {
                        "auth": {},
                        "method": "GET",
                        "body": {},
                        "header": [
                            {
                                "key": "Authorization",
                                "value": "",
                                "description": "token",
                                "type": "string"
                            }
                        ],
                        "url": {
                            "raw": "{{baseUrl}}/api/user/is-sign-in",
                            "path": [
                                "api",
                                "user",
                                "is-sign-in"
                            ],
                            "host": [
                                "{{baseUrl}}"
                            ],
                            "query": [],
                            "variable": []
                        }
                    },
                    "response": [],
                    "protocolProfileBehavior": {
                        "strictSSL": false,
                        "followRedirects": true
                    }
                }
            ],
            "event": [
                {
                    "listen": "prerequest",
                    "script": {
                        "exec": [],
                        "type": "text/javascript",
                        "packages": {}
                    }
                },
                {
                    "listen": "test",
                    "script": {
                        "exec": [],
                        "type": "text/javascript",
                        "packages": {}
                    }
                }
            ],
            "auth": {}
        },
        {
            "name": "产品",
            "description": "",
            "item": [
                {
                    "name": "查询产品信息（v1.0）",
                    "description": "",
                    "event": [],
                    "auth": {},
                    "request": {
                        "auth": {},
                        "method": "GET",
                        "body": {},
                        "header": [],
                        "url": {
                            "raw": "{{baseUrl}}/api/product",
                            "path": [
                                "api",
                                "product"
                            ],
                            "host": [
                                "{{baseUrl}}"
                            ],
                            "query": [
                                {
                                    "key": "page",
                                    "value": "1",
                                    "description": "分页页码",
                                    "type": "string"
                                },
                                {
                                    "key": "size",
                                    "value": "50",
                                    "description": "每页查询数据数量",
                                    "type": "string"
                                }
                            ],
                            "variable": []
                        }
                    },
                    "response": [],
                    "protocolProfileBehavior": {
                        "strictSSL": false,
                        "followRedirects": true
                    }
                },
                {
                    "name": "查询单个产品信息",
                    "description": "",
                    "event": [],
                    "auth": {},
                    "request": {
                        "auth": {},
                        "method": "POST",
                        "body": {
                            "mode": "raw",
                            "raw": "{\r\n    \"pid\": \"0x12C3\",\r\n    \"vid\": \"0x3302\"\r\n}",
                            "options": {
                                "raw": {
                                    "language": "json"
                                }
                            }
                        },
                        "header": [],
                        "url": {
                            "raw": "{{baseUrl}}/api/product/detail",
                            "path": [
                                "api",
                                "product",
                                "detail"
                            ],
                            "host": [
                                "{{baseUrl}}"
                            ],
                            "query": [],
                            "variable": []
                        }
                    },
                    "response": [],
                    "protocolProfileBehavior": {
                        "strictSSL": false,
                        "followRedirects": true
                    }
                }
            ],
            "event": [
                {
                    "listen": "prerequest",
                    "script": {
                        "exec": [],
                        "type": "text/javascript",
                        "packages": {}
                    }
                },
                {
                    "listen": "test",
                    "script": {
                        "exec": [],
                        "type": "text/javascript",
                        "packages": {}
                    }
                }
            ],
            "auth": {}
        },
        {
            "name": "用户信息",
            "description": "",
            "item": [
                {
                    "name": "APP用户头像上传",
                    "description": "",
                    "event": [],
                    "auth": {},
                    "request": {
                        "auth": {},
                        "method": "POST",
                        "body": {
                            "mode": "formdata",
                            "formdata": [
                                {
                                    "key": "file",
                                    "description": "头像文件",
                                    "type": "file",
                                    "disabled": false
                                }
                            ]
                        },
                        "header": [
                            {
                                "key": "Authorization",
                                "value": "123412342134123412341234",
                                "description": "APP用户登录Token",
                                "type": "string"
                            }
                        ],
                        "url": {
                            "raw": "{{baseUrl}}/api/v2/user/uploadAppUserAvatar",
                            "path": [
                                "api",
                                "v2",
                                "user",
                                "uploadAppUserAvatar"
                            ],
                            "host": [
                                "{{baseUrl}}"
                            ],
                            "query": [],
                            "variable": []
                        }
                    },
                    "response": [],
                    "protocolProfileBehavior": {
                        "strictSSL": false,
                        "followRedirects": true
                    }
                },
                {
                    "name": "用户详细信息保存",
                    "description": "",
                    "event": [],
                    "auth": {},
                    "request": {
                        "auth": {},
                        "method": "POST",
                        "body": {
                            "mode": "raw",
                            "options": {
                                "raw": {
                                    "language": "json"
                                }
                            }
                        },
                        "header": [],
                        "url": {
                            "raw": "{{baseUrl}}/api/v2/user/saveUserDetail",
                            "path": [
                                "api",
                                "v2",
                                "user",
                                "saveUserDetail"
                            ],
                            "host": [
                                "{{baseUrl}}"
                            ],
                            "query": [],
                            "variable": []
                        }
                    },
                    "response": [],
                    "protocolProfileBehavior": {
                        "strictSSL": false,
                        "followRedirects": true
                    }
                },
                {
                    "name": "获取用户详细信息",
                    "description": "",
                    "event": [],
                    "auth": {},
                    "request": {
                        "auth": {},
                        "method": "GET",
                        "body": {},
                        "header": [
                            {
                                "key": "Authorization",
                                "value": "1234123412341243",
                                "description": "APP用户登录token",
                                "type": "string"
                            }
                        ],
                        "url": {
                            "raw": "{{baseUrl}}/api/v2/user/getUserDetail",
                            "path": [
                                "api",
                                "v2",
                                "user",
                                "getUserDetail"
                            ],
                            "host": [
                                "{{baseUrl}}"
                            ],
                            "query": [],
                            "variable": []
                        }
                    },
                    "response": [],
                    "protocolProfileBehavior": {
                        "strictSSL": false,
                        "followRedirects": true
                    }
                }
            ],
            "event": [
                {
                    "listen": "prerequest",
                    "script": {
                        "exec": [],
                        "type": "text/javascript",
                        "packages": {}
                    }
                },
                {
                    "listen": "test",
                    "script": {
                        "exec": [],
                        "type": "text/javascript",
                        "packages": {}
                    }
                }
            ],
            "auth": {}
        },
        {
            "name": "EQ信息",
            "description": "",
            "item": [
                {
                    "name": "预设+自定义EQ接口",
                    "description": "",
                    "item": [
                        {
                            "name": "创建EQ信息",
                            "description": "",
                            "event": [],
                            "auth": {},
                            "request": {
                                "auth": {},
                                "method": "POST",
                                "body": {
                                    "mode": "raw",
                                    "raw": "{\r\n    \"type\":\"1\",\r\n\t\"pid\": \"0x12C1\",\r\n\t\"vid\": \"0x3302\",\r\n\t\"eqNameCn\": \"测试\",\r\n\t\"eqNameEn\": \"TEST\",\r\n\t\"gain\": 0,\r\n\t\"freqs\": [50, 200, 500, 1000, 2500, 5000, 10000, 15000],\r\n\t\"qs\": [0.75, 0.75, 0.75, 1, 0.75, -2, 0.7, 0],\r\n\t\"gains\": [0.4, 1, 0.46, -3, 0, 0, 0, 0]\r\n}",
                                    "options": {
                                        "raw": {
                                            "language": "json"
                                        }
                                    }
                                },
                                "header": [
                                    {
                                        "key": "Authorization",
                                        "value": "",
                                        "description": "token",
                                        "type": "string"
                                    }
                                ],
                                "url": {
                                    "raw": "{{baseUrl}}/api/v2/eq/createEqInfo",
                                    "path": [
                                        "api",
                                        "v2",
                                        "eq",
                                        "createEqInfo"
                                    ],
                                    "host": [
                                        "{{baseUrl}}"
                                    ],
                                    "query": [],
                                    "variable": []
                                }
                            },
                            "response": [],
                            "protocolProfileBehavior": {
                                "strictSSL": false,
                                "followRedirects": true
                            }
                        },
                        {
                            "name": "更新EQ信息",
                            "description": "",
                            "event": [],
                            "auth": {},
                            "request": {
                                "auth": {},
                                "method": "POST",
                                "body": {
                                    "mode": "raw",
                                    "raw": "{\r\n    \"type\":\"1\",\r\n\t\"pid\": \"0x12C1\",\r\n\t\"vid\": \"0x3302\",\r\n\t\"eqNameCn\": \"测试\",\r\n\t\"eqNameEn\": \"TEST\",\r\n\t\"offset\": 0,\r\n\t\"freqs\": [50, 200, 500, 1000, 2500, 5000, 10000, 15000],\r\n\t\"qs\": [0.75, 0.75, 0.75, 1, 0.75, -2, 0.7, 0],\r\n\t\"gains\": [0.4, 1, 0.46, -3, 0, 0, 0, 0]\r\n}",
                                    "options": {
                                        "raw": {
                                            "language": "json"
                                        }
                                    }
                                },
                                "header": [
                                    {
                                        "key": "Authorization",
                                        "value": "",
                                        "description": "token",
                                        "type": "string"
                                    }
                                ],
                                "url": {
                                    "raw": "{{baseUrl}}/api/v2/eq/updateEqInfo",
                                    "path": [
                                        "api",
                                        "v2",
                                        "eq",
                                        "updateEqInfo"
                                    ],
                                    "host": [
                                        "{{baseUrl}}"
                                    ],
                                    "query": [],
                                    "variable": []
                                }
                            },
                            "response": [],
                            "protocolProfileBehavior": {
                                "strictSSL": false,
                                "followRedirects": true
                            }
                        },
                        {
                            "name": "查询EQ信息列表",
                            "description": "",
                            "event": [],
                            "auth": {},
                            "request": {
                                "auth": {},
                                "method": "POST",
                                "body": {
                                    "mode": "raw",
                                    "raw": "{\r\n    \"type\":\"1\",\r\n\t\"pid\": \"0x12C1\",\r\n\t\"vid\": \"0x3302\"\r\n}",
                                    "options": {
                                        "raw": {
                                            "language": "json"
                                        }
                                    }
                                },
                                "header": [
                                    {
                                        "key": "Authorization",
                                        "value": "",
                                        "description": "token",
                                        "type": "string"
                                    }
                                ],
                                "url": {
                                    "raw": "{{baseUrl}}/api/v2/eq/queryEqInfoList",
                                    "path": [
                                        "api",
                                        "v2",
                                        "eq",
                                        "queryEqInfoList"
                                    ],
                                    "host": [
                                        "{{baseUrl}}"
                                    ],
                                    "query": [],
                                    "variable": []
                                }
                            },
                            "response": [],
                            "protocolProfileBehavior": {
                                "strictSSL": false,
                                "followRedirects": true
                            }
                        },
                        {
                            "name": "删除EQ信息",
                            "description": "",
                            "event": [],
                            "auth": {},
                            "request": {
                                "auth": {},
                                "method": "POST",
                                "body": {
                                    "mode": "raw",
                                    "raw": "{\r\n    \"type\": \"1\",\r\n    \"id\": 123\r\n}",
                                    "options": {
                                        "raw": {
                                            "language": "json"
                                        }
                                    }
                                },
                                "header": [
                                    {
                                        "key": "Authorization",
                                        "value": "",
                                        "description": "token",
                                        "type": "string"
                                    }
                                ],
                                "url": {
                                    "raw": "{{baseUrl}}/api/v2/eq/deleteEqInfo",
                                    "path": [
                                        "api",
                                        "v2",
                                        "eq",
                                        "deleteEqInfo"
                                    ],
                                    "host": [
                                        "{{baseUrl}}"
                                    ],
                                    "query": [],
                                    "variable": []
                                }
                            },
                            "response": [],
                            "protocolProfileBehavior": {
                                "strictSSL": false,
                                "followRedirects": true
                            }
                        }
                    ],
                    "event": [
                        {
                            "listen": "prerequest",
                            "script": {
                                "exec": [],
                                "type": "text/javascript",
                                "packages": {}
                            }
                        },
                        {
                            "listen": "test",
                            "script": {
                                "exec": [],
                                "type": "text/javascript",
                                "packages": {}
                            }
                        }
                    ],
                    "auth": {}
                },
                {
                    "name": "企业用户",
                    "description": "",
                    "item": [
                        {
                            "name": "企业用户上传预设EQ",
                            "description": "",
                            "event": [],
                            "auth": {},
                            "request": {
                                "auth": {},
                                "method": "POST",
                                "body": {
                                    "mode": "raw",
                                    "raw": "{\r\n\t\"productId\": 134,\r\n\t\"eqName\": \"预设EQ1\",\r\n\t\"gain\": 0,\r\n\t\"del\": 0,\r\n\t\"freqs\": [50, 200, 500, 1000, 2500, 5000, 10000, 15000],\r\n\t\"qs\": [1, 1, 1, 1, 1, 1, 1, 1],\r\n\t\"gains\": [0, 0, 0, 0, 0, 0, 0, 0]\r\n}",
                                    "options": {
                                        "raw": {
                                            "language": "json"
                                        }
                                    }
                                },
                                "header": [
                                    {
                                        "key": "Authorization",
                                        "value": "123412341234",
                                        "description": "token",
                                        "type": "string"
                                    }
                                ],
                                "url": {
                                    "raw": "{{baseUrl}}/api/v2/eq/userAddPreMadeEQ",
                                    "path": [
                                        "api",
                                        "v2",
                                        "eq",
                                        "userAddPreMadeEQ"
                                    ],
                                    "host": [
                                        "{{baseUrl}}"
                                    ],
                                    "query": [],
                                    "variable": []
                                }
                            },
                            "response": [],
                            "protocolProfileBehavior": {
                                "strictSSL": false,
                                "followRedirects": true
                            }
                        },
                        {
                            "name": "查询指定产品的预设EQ列表",
                            "description": "",
                            "event": [],
                            "auth": {},
                            "request": {
                                "auth": {},
                                "method": "POST",
                                "body": {
                                    "mode": "raw",
                                    "options": {
                                        "raw": {
                                            "language": "json"
                                        }
                                    }
                                },
                                "header": [
                                    {
                                        "key": "Authorization",
                                        "value": "1234123421341234",
                                        "description": "token",
                                        "type": "string"
                                    }
                                ],
                                "url": {
                                    "raw": "{{baseUrl}}/api/v2/eq/queryEQListByPidAndVid",
                                    "path": [
                                        "api",
                                        "v2",
                                        "eq",
                                        "queryEQListByPidAndVid"
                                    ],
                                    "host": [
                                        "{{baseUrl}}"
                                    ],
                                    "query": [],
                                    "variable": []
                                }
                            },
                            "response": [],
                            "protocolProfileBehavior": {
                                "strictSSL": false,
                                "followRedirects": true
                            }
                        },
                        {
                            "name": "企业用户修改预设EQ信息",
                            "description": "",
                            "event": [],
                            "auth": {},
                            "request": {
                                "auth": {},
                                "method": "POST",
                                "body": {
                                    "mode": "raw",
                                    "raw": "{\r\n\t\"productId\": 134,\r\n\t\"eqName\": \"预设EQ1\",\r\n\t\"gain\": 0,\r\n\t\"del\": 0,\r\n\t\"freqs\": [50, 200, 500, 1000, 2500, 5000, 10000, 15000],\r\n\t\"qs\": [1, 1, 1, 1, 1, 1, 1, 1],\r\n\t\"gains\": [0, 0, 0, 0, 0, 0, 0, 0]\r\n}",
                                    "options": {
                                        "raw": {
                                            "language": "json"
                                        }
                                    }
                                },
                                "header": [
                                    {
                                        "key": "Authorization",
                                        "value": "123412341234",
                                        "description": "token",
                                        "type": "string"
                                    }
                                ],
                                "url": {
                                    "raw": "{{baseUrl}}/api/v2/eq/userUpdatePreMadeEQ",
                                    "path": [
                                        "api",
                                        "v2",
                                        "eq",
                                        "userUpdatePreMadeEQ"
                                    ],
                                    "host": [
                                        "{{baseUrl}}"
                                    ],
                                    "query": [],
                                    "variable": []
                                }
                            },
                            "response": [],
                            "protocolProfileBehavior": {
                                "strictSSL": false,
                                "followRedirects": true
                            }
                        },
                        {
                            "name": "查询单个EQ信息",
                            "description": "",
                            "event": [],
                            "auth": {},
                            "request": {
                                "auth": {},
                                "method": "POST",
                                "body": {
                                    "mode": "raw",
                                    "options": {
                                        "raw": {
                                            "language": "json"
                                        }
                                    }
                                },
                                "header": [
                                    {
                                        "key": "Authorization",
                                        "value": "",
                                        "description": "token",
                                        "type": "string"
                                    }
                                ],
                                "url": {
                                    "raw": "{{baseUrl}}/api/v2/eq/queryEQInfoById",
                                    "path": [
                                        "api",
                                        "v2",
                                        "eq",
                                        "queryEQInfoById"
                                    ],
                                    "host": [
                                        "{{baseUrl}}"
                                    ],
                                    "query": [],
                                    "variable": []
                                }
                            },
                            "response": [],
                            "protocolProfileBehavior": {
                                "strictSSL": false,
                                "followRedirects": true
                            }
                        },
                        {
                            "name": "企业用户删除指定EQ ID的EQ信息",
                            "description": "",
                            "event": [],
                            "auth": {},
                            "request": {
                                "auth": {},
                                "method": "POST",
                                "body": {
                                    "mode": "raw",
                                    "options": {
                                        "raw": {
                                            "language": "json"
                                        }
                                    }
                                },
                                "header": [
                                    {
                                        "key": "Authorization",
                                        "value": "",
                                        "description": "token",
                                        "type": "string"
                                    }
                                ],
                                "url": {
                                    "raw": "{{baseUrl}}/api/v2/eq/deleteCompanyEQInfoById",
                                    "path": [
                                        "api",
                                        "v2",
                                        "eq",
                                        "deleteCompanyEQInfoById"
                                    ],
                                    "host": [
                                        "{{baseUrl}}"
                                    ],
                                    "query": [],
                                    "variable": []
                                }
                            },
                            "response": [],
                            "protocolProfileBehavior": {
                                "strictSSL": false,
                                "followRedirects": true
                            }
                        }
                    ],
                    "event": [
                        {
                            "listen": "prerequest",
                            "script": {
                                "exec": [],
                                "type": "text/javascript",
                                "packages": {}
                            }
                        },
                        {
                            "listen": "test",
                            "script": {
                                "exec": [],
                                "type": "text/javascript",
                                "packages": {}
                            }
                        }
                    ],
                    "auth": {}
                },
                {
                    "name": "普通用户",
                    "description": "",
                    "item": [
                        {
                            "name": "用户添加自定义EQ",
                            "description": "",
                            "event": [],
                            "auth": {},
                            "request": {
                                "auth": {},
                                "method": "POST",
                                "body": {
                                    "mode": "raw",
                                    "raw": "{\r\n\t\"productId\": 134,\r\n\t\"eqName\": \"预设EQ1\",\r\n\t\"gain\": 0,\r\n\t\"del\": 0,\r\n\t\"freqs\": [50, 200, 500, 1000, 2500, 5000, 10000, 15000],\r\n\t\"qs\": [1, 1, 1, 1, 1, 1, 1, 1],\r\n\t\"gains\": [0, 0, 0, 0, 0, 0, 0, 0]\r\n}",
                                    "options": {
                                        "raw": {
                                            "language": "json"
                                        }
                                    }
                                },
                                "header": [
                                    {
                                        "key": "Authorization",
                                        "value": "",
                                        "description": "token",
                                        "type": "string"
                                    }
                                ],
                                "url": {
                                    "raw": "{{baseUrl}}/api/v2/eq/saveUserCustomEQ",
                                    "path": [
                                        "api",
                                        "v2",
                                        "eq",
                                        "saveUserCustomEQ"
                                    ],
                                    "host": [
                                        "{{baseUrl}}"
                                    ],
                                    "query": [],
                                    "variable": []
                                }
                            },
                            "response": [],
                            "protocolProfileBehavior": {
                                "strictSSL": false,
                                "followRedirects": true
                            }
                        },
                        {
                            "name": "用户修改自定义EQ信息",
                            "description": "",
                            "event": [],
                            "auth": {},
                            "request": {
                                "auth": {},
                                "method": "POST",
                                "body": {
                                    "mode": "raw",
                                    "raw": "{\r\n\t\"productId\": 134,\r\n\t\"eqName\": \"预设EQ1\",\r\n\t\"gain\": 0,\r\n\t\"del\": 0,\r\n\t\"freqs\": [50, 200, 500, 1000, 2500, 5000, 10000, 15000],\r\n\t\"qs\": [1, 1, 1, 1, 1, 1, 1, 1],\r\n\t\"gains\": [0, 0, 0, 0, 0, 0, 0, 0]\r\n}",
                                    "options": {
                                        "raw": {
                                            "language": "json"
                                        }
                                    }
                                },
                                "header": [
                                    {
                                        "key": "Authorization",
                                        "value": "123412341234",
                                        "description": "token",
                                        "type": "string"
                                    }
                                ],
                                "url": {
                                    "raw": "{{baseUrl}}/api/v2/eq/updateUserCustomEQ",
                                    "path": [
                                        "api",
                                        "v2",
                                        "eq",
                                        "updateUserCustomEQ"
                                    ],
                                    "host": [
                                        "{{baseUrl}}"
                                    ],
                                    "query": [],
                                    "variable": []
                                }
                            },
                            "response": [],
                            "protocolProfileBehavior": {
                                "strictSSL": false,
                                "followRedirects": true
                            }
                        },
                        {
                            "name": "用户删除指定ID的自定义EQ",
                            "description": "",
                            "event": [],
                            "auth": {},
                            "request": {
                                "auth": {},
                                "method": "POST",
                                "body": {
                                    "mode": "raw",
                                    "options": {
                                        "raw": {
                                            "language": "json"
                                        }
                                    }
                                },
                                "header": [
                                    {
                                        "key": "Authorization",
                                        "value": "",
                                        "description": "token",
                                        "type": "string"
                                    }
                                ],
                                "url": {
                                    "raw": "{{baseUrl}}/api/v2/eq/deleteUserCustomEQById",
                                    "path": [
                                        "api",
                                        "v2",
                                        "eq",
                                        "deleteUserCustomEQById"
                                    ],
                                    "host": [
                                        "{{baseUrl}}"
                                    ],
                                    "query": [],
                                    "variable": []
                                }
                            },
                            "response": [],
                            "protocolProfileBehavior": {
                                "strictSSL": false,
                                "followRedirects": true
                            }
                        },
                        {
                            "name": "用户查询自己的自定义EQ信息",
                            "description": "",
                            "event": [],
                            "auth": {},
                            "request": {
                                "auth": {},
                                "method": "POST",
                                "body": {
                                    "mode": "raw",
                                    "options": {
                                        "raw": {
                                            "language": "json"
                                        }
                                    }
                                },
                                "header": [
                                    {
                                        "key": "Authorization",
                                        "value": "",
                                        "description": "token",
                                        "type": "string"
                                    }
                                ],
                                "url": {
                                    "raw": "{{baseUrl}}/api/v2/eq/queryUserEQList",
                                    "path": [
                                        "api",
                                        "v2",
                                        "eq",
                                        "queryUserEQList"
                                    ],
                                    "host": [
                                        "{{baseUrl}}"
                                    ],
                                    "query": [],
                                    "variable": []
                                }
                            },
                            "response": [],
                            "protocolProfileBehavior": {
                                "strictSSL": false,
                                "followRedirects": true
                            }
                        }
                    ],
                    "event": [
                        {
                            "listen": "prerequest",
                            "script": {
                                "exec": [],
                                "type": "text/javascript",
                                "packages": {}
                            }
                        },
                        {
                            "listen": "test",
                            "script": {
                                "exec": [],
                                "type": "text/javascript",
                                "packages": {}
                            }
                        }
                    ],
                    "auth": {}
                },
                {
                    "name": "EQ分享",
                    "description": "",
                    "item": [
                        {
                            "name": "EQ曲线图上传接口",
                            "description": "",
                            "event": [],
                            "auth": {},
                            "request": {
                                "auth": {},
                                "method": "POST",
                                "body": {
                                    "mode": "formdata",
                                    "formdata": [
                                        {
                                            "key": "file",
                                            "description": "曲线图文件",
                                            "type": "file",
                                            "disabled": false
                                        }
                                    ]
                                },
                                "header": [
                                    {
                                        "key": "Authorization",
                                        "value": "",
                                        "description": "token",
                                        "type": "string"
                                    }
                                ],
                                "url": {
                                    "raw": "{{baseUrl}}/api/v2/eq/upload/eqShareGraph",
                                    "path": [
                                        "api",
                                        "v2",
                                        "eq",
                                        "upload",
                                        "eqShareGraph"
                                    ],
                                    "host": [
                                        "{{baseUrl}}"
                                    ],
                                    "query": [],
                                    "variable": []
                                }
                            },
                            "response": [],
                            "protocolProfileBehavior": {
                                "strictSSL": false,
                                "followRedirects": true
                            }
                        },
                        {
                            "name": "用户分享EQ",
                            "description": "",
                            "event": [],
                            "auth": {},
                            "request": {
                                "auth": {},
                                "method": "POST",
                                "body": {
                                    "mode": "raw",
                                    "raw": "{\r\n\t\"productId\": 134,\r\n\t\"eqName\": \"预设EQ1\",\r\n\t\"gain\": 0,\r\n\t\"del\": 0,\r\n\t\"freqs\": [50, 200, 500, 1000, 2500, 5000, 10000, 15000],\r\n\t\"qs\": [1, 1, 1, 1, 1, 1, 1, 1],\r\n\t\"gains\": [0, 0, 0, 0, 0, 0, 0, 0]\r\n}",
                                    "options": {
                                        "raw": {
                                            "language": "json"
                                        }
                                    }
                                },
                                "header": [
                                    {
                                        "key": "Authorization",
                                        "value": "",
                                        "description": "token",
                                        "type": "string"
                                    }
                                ],
                                "url": {
                                    "raw": "{{baseUrl}}/api/v2/eq/createEQShareInfo",
                                    "path": [
                                        "api",
                                        "v2",
                                        "eq",
                                        "createEQShareInfo"
                                    ],
                                    "host": [
                                        "{{baseUrl}}"
                                    ],
                                    "query": [],
                                    "variable": []
                                }
                            },
                            "response": [],
                            "protocolProfileBehavior": {
                                "strictSSL": false,
                                "followRedirects": true
                            }
                        },
                        {
                            "name": "用户删除指定分享的EQ",
                            "description": "",
                            "event": [],
                            "auth": {},
                            "request": {
                                "auth": {},
                                "method": "POST",
                                "body": {
                                    "mode": "raw",
                                    "options": {
                                        "raw": {
                                            "language": "json"
                                        }
                                    }
                                },
                                "header": [
                                    {
                                        "key": "Authorization",
                                        "value": "",
                                        "description": "token",
                                        "type": "string"
                                    }
                                ],
                                "url": {
                                    "raw": "{{baseUrl}}/api/v2/eq/deleteEQShareInfo",
                                    "path": [
                                        "api",
                                        "v2",
                                        "eq",
                                        "deleteEQShareInfo"
                                    ],
                                    "host": [
                                        "{{baseUrl}}"
                                    ],
                                    "query": [],
                                    "variable": []
                                }
                            },
                            "response": [],
                            "protocolProfileBehavior": {
                                "strictSSL": false,
                                "followRedirects": true
                            }
                        },
                        {
                            "name": "用户查询自己分享的所有EQ信息",
                            "description": "",
                            "event": [],
                            "auth": {},
                            "request": {
                                "auth": {},
                                "method": "POST",
                                "body": {
                                    "mode": "raw",
                                    "options": {
                                        "raw": {
                                            "language": "json"
                                        }
                                    }
                                },
                                "header": [
                                    {
                                        "key": "Authorization",
                                        "value": "",
                                        "description": "token",
                                        "type": "string"
                                    }
                                ],
                                "url": {
                                    "raw": "{{baseUrl}}/api/v2/eq/queryUserEQShareInfoList",
                                    "path": [
                                        "api",
                                        "v2",
                                        "eq",
                                        "queryUserEQShareInfoList"
                                    ],
                                    "host": [
                                        "{{baseUrl}}"
                                    ],
                                    "query": [],
                                    "variable": []
                                }
                            },
                            "response": [],
                            "protocolProfileBehavior": {
                                "strictSSL": false,
                                "followRedirects": true
                            }
                        },
                        {
                            "name": "查询所有分享的EQ",
                            "description": "",
                            "event": [],
                            "auth": {},
                            "request": {
                                "auth": {},
                                "method": "POST",
                                "body": {
                                    "mode": "raw",
                                    "options": {
                                        "raw": {
                                            "language": "json"
                                        }
                                    }
                                },
                                "header": [
                                    {
                                        "key": "Authorization",
                                        "value": "",
                                        "description": "token",
                                        "type": "string"
                                    }
                                ],
                                "url": {
                                    "raw": "{{baseUrl}}/api/v2/eq/queryAllEQShareInfoList",
                                    "path": [
                                        "api",
                                        "v2",
                                        "eq",
                                        "queryAllEQShareInfoList"
                                    ],
                                    "host": [
                                        "{{baseUrl}}"
                                    ],
                                    "query": [],
                                    "variable": []
                                }
                            },
                            "response": [],
                            "protocolProfileBehavior": {
                                "strictSSL": false,
                                "followRedirects": true
                            }
                        },
                        {
                            "name": "在线EQ收藏",
                            "description": "",
                            "event": [],
                            "auth": {},
                            "request": {
                                "auth": {},
                                "method": "POST",
                                "body": {
                                    "mode": "raw",
                                    "options": {
                                        "raw": {
                                            "language": "json"
                                        }
                                    }
                                },
                                "header": [
                                    {
                                        "key": "Authorization",
                                        "value": "",
                                        "description": "token",
                                        "type": "string"
                                    }
                                ],
                                "url": {
                                    "raw": "{{baseUrl}}/api/v2/eq/eqCollect",
                                    "path": [
                                        "api",
                                        "v2",
                                        "eq",
                                        "eqCollect"
                                    ],
                                    "host": [
                                        "{{baseUrl}}"
                                    ],
                                    "query": [],
                                    "variable": []
                                }
                            },
                            "response": [],
                            "protocolProfileBehavior": {
                                "strictSSL": false,
                                "followRedirects": true
                            }
                        },
                        {
                            "name": "在线EQ取消收藏",
                            "description": "",
                            "event": [],
                            "auth": {},
                            "request": {
                                "auth": {},
                                "method": "POST",
                                "body": {
                                    "mode": "raw",
                                    "options": {
                                        "raw": {
                                            "language": "json"
                                        }
                                    }
                                },
                                "header": [
                                    {
                                        "key": "Authorization",
                                        "value": "",
                                        "description": "token",
                                        "type": "string"
                                    }
                                ],
                                "url": {
                                    "raw": "{{baseUrl}}/api/v2/eq/eqCancelCollect",
                                    "path": [
                                        "api",
                                        "v2",
                                        "eq",
                                        "eqCancelCollect"
                                    ],
                                    "host": [
                                        "{{baseUrl}}"
                                    ],
                                    "query": [],
                                    "variable": []
                                }
                            },
                            "response": [],
                            "protocolProfileBehavior": {
                                "strictSSL": false,
                                "followRedirects": true
                            }
                        },
                        {
                            "name": "在线EQ点赞",
                            "description": "",
                            "event": [],
                            "auth": {},
                            "request": {
                                "auth": {},
                                "method": "POST",
                                "body": {
                                    "mode": "raw",
                                    "options": {
                                        "raw": {
                                            "language": "json"
                                        }
                                    }
                                },
                                "header": [
                                    {
                                        "key": "Authorization",
                                        "value": "",
                                        "description": "token",
                                        "type": "string"
                                    }
                                ],
                                "url": {
                                    "raw": "{{baseUrl}}/api/v2/eq/eqLike",
                                    "path": [
                                        "api",
                                        "v2",
                                        "eq",
                                        "eqLike"
                                    ],
                                    "host": [
                                        "{{baseUrl}}"
                                    ],
                                    "query": [],
                                    "variable": []
                                }
                            },
                            "response": [],
                            "protocolProfileBehavior": {
                                "strictSSL": false,
                                "followRedirects": true
                            }
                        },
                        {
                            "name": "在线EQ取消点赞",
                            "description": "",
                            "event": [],
                            "auth": {},
                            "request": {
                                "auth": {},
                                "method": "POST",
                                "body": {
                                    "mode": "raw",
                                    "options": {
                                        "raw": {
                                            "language": "json"
                                        }
                                    }
                                },
                                "header": [
                                    {
                                        "key": "Authorization",
                                        "value": "",
                                        "description": "token",
                                        "type": "string"
                                    }
                                ],
                                "url": {
                                    "raw": "{{baseUrl}}/api/v2/eq/eqCancelLike",
                                    "path": [
                                        "api",
                                        "v2",
                                        "eq",
                                        "eqCancelLike"
                                    ],
                                    "host": [
                                        "{{baseUrl}}"
                                    ],
                                    "query": [],
                                    "variable": []
                                }
                            },
                            "response": [],
                            "protocolProfileBehavior": {
                                "strictSSL": false,
                                "followRedirects": true
                            }
                        },
                        {
                            "name": "查询我分享的所有EQ（按产品分组）",
                            "description": "",
                            "event": [],
                            "auth": {},
                            "request": {
                                "auth": {},
                                "method": "POST",
                                "body": {
                                    "mode": "raw",
                                    "options": {
                                        "raw": {
                                            "language": "json"
                                        }
                                    }
                                },
                                "header": [
                                    {
                                        "key": "Authorization",
                                        "value": "",
                                        "description": "token",
                                        "type": "string"
                                    }
                                ],
                                "url": {
                                    "raw": "{{baseUrl}}/api/v2/eq/queryUserEQShareInfoGroupList",
                                    "path": [
                                        "api",
                                        "v2",
                                        "eq",
                                        "queryUserEQShareInfoGroupList"
                                    ],
                                    "host": [
                                        "{{baseUrl}}"
                                    ],
                                    "query": [],
                                    "variable": []
                                }
                            },
                            "response": [],
                            "protocolProfileBehavior": {
                                "strictSSL": false,
                                "followRedirects": true
                            }
                        },
                        {
                            "name": "查询我收藏的EQ（按产品分组）",
                            "description": "",
                            "event": [],
                            "auth": {},
                            "request": {
                                "auth": {},
                                "method": "POST",
                                "body": {
                                    "mode": "raw",
                                    "options": {
                                        "raw": {
                                            "language": "json"
                                        }
                                    }
                                },
                                "header": [
                                    {
                                        "key": "Authorization",
                                        "value": "",
                                        "description": "token",
                                        "type": "string"
                                    }
                                ],
                                "url": {
                                    "raw": "{{baseUrl}}/api/v2/eq/queryUserEqCollectGroupList",
                                    "path": [
                                        "api",
                                        "v2",
                                        "eq",
                                        "queryUserEqCollectGroupList"
                                    ],
                                    "host": [
                                        "{{baseUrl}}"
                                    ],
                                    "query": [],
                                    "variable": []
                                }
                            },
                            "response": [],
                            "protocolProfileBehavior": {
                                "strictSSL": false,
                                "followRedirects": true
                            }
                        },
                        {
                            "name": "上报分享EQ浏览量接口",
                            "description": "",
                            "event": [],
                            "auth": {},
                            "request": {
                                "auth": {},
                                "method": "POST",
                                "body": {
                                    "mode": "raw",
                                    "options": {
                                        "raw": {
                                            "language": "json"
                                        }
                                    }
                                },
                                "header": [
                                    {
                                        "key": "Authorization",
                                        "value": "",
                                        "description": "token",
                                        "type": "string"
                                    }
                                ],
                                "url": {
                                    "raw": "{{baseUrl}}/api/v2/eq/watching",
                                    "path": [
                                        "api",
                                        "v2",
                                        "eq",
                                        "watching"
                                    ],
                                    "host": [
                                        "{{baseUrl}}"
                                    ],
                                    "query": [],
                                    "variable": []
                                }
                            },
                            "response": [],
                            "protocolProfileBehavior": {
                                "strictSSL": false,
                                "followRedirects": true
                            }
                        },
                        {
                            "name": "获取EQ举报类型（分组）",
                            "description": "",
                            "event": [],
                            "auth": {},
                            "request": {
                                "auth": {},
                                "method": "POST",
                                "body": {
                                    "mode": "raw",
                                    "options": {
                                        "raw": {
                                            "language": "json"
                                        }
                                    }
                                },
                                "header": [
                                    {
                                        "key": "Authorization",
                                        "value": "",
                                        "description": "",
                                        "type": "string"
                                    }
                                ],
                                "url": {
                                    "raw": "{{baseUrl}}/api/v2/eq/getReportType",
                                    "path": [
                                        "api",
                                        "v2",
                                        "eq",
                                        "getReportType"
                                    ],
                                    "host": [
                                        "{{baseUrl}}"
                                    ],
                                    "query": [],
                                    "variable": []
                                }
                            },
                            "response": [],
                            "protocolProfileBehavior": {
                                "strictSSL": false,
                                "followRedirects": true
                            }
                        },
                        {
                            "name": "举报在线EQ",
                            "description": "",
                            "event": [],
                            "auth": {},
                            "request": {
                                "auth": {},
                                "method": "POST",
                                "body": {
                                    "mode": "raw",
                                    "options": {
                                        "raw": {
                                            "language": "json"
                                        }
                                    }
                                },
                                "header": [
                                    {
                                        "key": "Authorization",
                                        "value": "",
                                        "description": "",
                                        "type": "string"
                                    }
                                ],
                                "url": {
                                    "raw": "{{baseUrl}}/api/v2/eq/addShareEqReport",
                                    "path": [
                                        "api",
                                        "v2",
                                        "eq",
                                        "addShareEqReport"
                                    ],
                                    "host": [
                                        "{{baseUrl}}"
                                    ],
                                    "query": [],
                                    "variable": []
                                }
                            },
                            "response": [],
                            "protocolProfileBehavior": {
                                "strictSSL": false,
                                "followRedirects": true
                            }
                        }
                    ],
                    "event": [
                        {
                            "listen": "prerequest",
                            "script": {
                                "exec": [],
                                "type": "text/javascript",
                                "packages": {}
                            }
                        },
                        {
                            "listen": "test",
                            "script": {
                                "exec": [],
                                "type": "text/javascript",
                                "packages": {}
                            }
                        }
                    ],
                    "auth": {}
                }
            ],
            "event": [
                {
                    "listen": "prerequest",
                    "script": {
                        "exec": [],
                        "type": "text/javascript",
                        "packages": {}
                    }
                },
                {
                    "listen": "test",
                    "script": {
                        "exec": [],
                        "type": "text/javascript",
                        "packages": {}
                    }
                }
            ],
            "auth": {}
        }
    ],
    "variable": [],
    "event": [],
    "auth": {}
}